Workbook
Name DadosExternos_1: 'Cidades resilientes'!$A$1:$J$36

Sheet Cidades resilientes
A1: Nº | B1: Município | C1: UF | D1: Código IBGE | E1: Região | F1: Estágio | G1: Dia | H1: Mês | I1: Ano | J1: Adesão
A2: 1 | B2: BARBACENA | C2: MG | D2: 3105608 | E2: SUDESTE | F2: A | G2: =DAY('Cidades resilientes'!$J2) -> 3 | H2: =MONTH('Cidades resilientes'!$J2) -> 2 | I2: =YEAR('Cidades resilientes'!$J2) -> 2021 | J2: 44230
A3: 64 | B3: DIVINÉSIA | C3: MG | D3: 3121902 | E3: SUDESTE | F3: A | G3: =DAY('Cidades resilientes'!$J3) -> 2 | H3: =MONTH('Cidades resilientes'!$J3) -> 6 | I3: =YEAR('Cidades resilientes'!$J3) -> 2021 | J3: 44349
A4: 65 | B4: CONSELHEIRO LAFAIETE | C4: MG | D4: 3118304 | E4: SUDESTE | F4: B | G4: =DAY('Cidades resilientes'!$J4) -> 9 | H4: =MONTH('Cidades resilientes'!$J4) -> 6 | I4: =YEAR('Cidades resilientes'!$J4) -> 2021 | J4: 44356
A5: 94 | B5: GUIDOVAL | C5: MG | D5: 3128808 | E5: SUDESTE | F5: B | G5: =DAY('Cidades resilientes'!$J5) -> 15 | H5: =MONTH('Cidades resilientes'!$J5) -> 6 | I5: =YEAR('Cidades resilientes'!$J5) -> 2021 | J5: 44362
A6: 102 | B6: SANTA VITÓRIA | C6: MG | D6: 3159803 | E6: SUDESTE | F6: B | G6: =DAY('Cidades resilientes'!$J6) -> 27 | H6: =MONTH('Cidades resilientes'!$J6) -> 6 | I6: =YEAR('Cidades resilientes'!$J6) -> 2021 | J6: 44374
A7: 107 | B7: JUIZ DE FORA | C7: MG | D7: 3136702 | E7: SUDESTE | F7: C | G7: =DAY('Cidades resilientes'!$J7) -> 6 | H7: =MONTH('Cidades resilientes'!$J7) -> 7 | I7: =YEAR('Cidades resilientes'!$J7) -> 2021 | J7: 44383
A8: 131 | B8: UBÁ | C8: MG | D8: 3169901 | E8: SUDESTE | F8: B | G8: =DAY('Cidades resilientes'!$J8) -> 8 | H8: =MONTH('Cidades resilientes'!$J8) -> 9 | I8: =YEAR('Cidades resilientes'!$J8) -> 2021 | J8: 44447
A9: 188 | B9: ITURAMA | C9: MG | D9: 3134400 | E9: SUDESTE | F9: A | G9: =DAY('Cidades resilientes'!$J9) -> 14 | H9: =MONTH('Cidades resilientes'!$J9) -> 12 | I9: =YEAR('Cidades resilientes'!$J9) -> 2021 | J9: 44544
A10: 204 | B10: ITUETA | C10: MG | D10: 3134103 | E10: SUDESTE | F10: B | G10: =DAY('Cidades resilientes'!$J10) -> 28 | H10: =MONTH('Cidades resilientes'!$J10) -> 1 | I10: =YEAR('Cidades resilientes'!$J10) -> 2022 | J10: 44589
A11: 257 | B11: ARAXÁ | C11: MG | D11: 3104007 | E11: SUDESTE | F11: C | G11: =DAY('Cidades resilientes'!$J11) -> 9 | H11: =MONTH('Cidades resilientes'!$J11) -> 5 | I11: =YEAR('Cidades resilientes'!$J11) -> 2022 | J11: 44690
A12: 268 | B12: MONTE SIÃO | C12: MG | D12: 3143401 | E12: SUDESTE | F12: B | G12: =DAY('Cidades resilientes'!$J12) -> 15 | H12: =MONTH('Cidades resilientes'!$J12) -> 8 | I12: =YEAR('Cidades resilientes'!$J12) -> 2022 | J12: 44788
A13: 271 | B13: ITAJUBÁ | C13: MG | D13: 3132404 | E13: SUDESTE | F13: B | G13: =DAY('Cidades resilientes'!$J13) -> 18 | H13: =MONTH('Cidades resilientes'!$J13) -> 8 | I13: =YEAR('Cidades resilientes'!$J13) -> 2022 | J13: 44791
... A36: 385 | B36: PATROCÍNIO | C36: MG | D36: 3148103 | E36: SUDESTE | F36: C | G36: =DAY('Cidades resilientes'!$J36) -> 10 | H36: =MONTH('Cidades resilientes'!$J36) -> 8 | I36: =YEAR('Cidades resilientes'!$J36) -> 2025 | J36: 45879

Sheet Planilha1
A1: Nº | B1: Município | C1: UF | D1: Código IBGE | E1: Região | F1: Estágio | G1: Adesão
A2: 95 | B2: Aguaí | C2: SP | D2: 3500303 | E2: Sudeste | F2: C | G2: 44363
A3: 267 | B3: Águas da Prata | C3: SP | D3: 3500402 | E3: Sudeste | F3: C | G3: 44782
A4: 258 | B4: Águas de Lindóia | C4: SP | D4: 3500501 | E4: Sudeste | F4: B | G4: 44713
A5: 244 | B5: Águas de São Pedro | C5: SP | D5: 3500600 | E5: Sudeste | F5: B | G5: 44652
A6: 401 | B6: Álvares Florence | C6: SP | D6: 3501202 | E6: Sudeste | F6: B | G6: 45896
A7: 199 | B7: Americana | C7: SP | D7: 3501608 | E7: Sudeste | F7: B | G7: 44580
A8: 51 | B8: Amparo | C8: SP | D8: 3501905 | E8: Sudeste | F8: B | G8: 44327
A9: 344 | B9: Andradina | C9: SP | D9: 3502101 | E9: Sudeste | F9: B | G9: 45517
A10: 220 | B10: Angra dos Reis | C10: RJ | D10: 3300100 | E10: Sudeste | F10: A | G10: 44630
A11: 255 | B11: Aperibé | C11: RJ | D11: 3300159 | E11: Sudeste | F11: A | G11: 44680
A12: 184 | B12: Aracaju | C12: SE | D12: 2800308 | E12: Nordeste | F12: B | G12: 44524
A13: 130 | B13: Araçatuba | C13: SP | D13: 3502804 | E13: Sudeste | F13: C | G13: 44447
... A405: 137 | B405: Votuporanga | C405: SP | D405: 3557105 | E405: Sudeste | F405: B | G405: 44448
